Name,,,
Michael Vanthourenhout,,,
Niels Vandeputte,,,
Joran Wyseure,,,
Cameron Mason,,,
Ryan Kamp,,,
Thomas Mein,,,
Stefano Viezzi,,,
Guus van den Eijnden,,,
Kenay De Moyer,,,
Viktor Vandenberghe,,,
Lorenzo Marasco,,,
Yorben Lauryssen,,,
Anton Ferdinande,,,
Miles Gevaert,,,
Stan Van Grieken,,,
Antoine Jamin,,,
Daan Soete,,,
Rhett Bates,,,
Frederick Junge,,,
Liam Sargent,,,
Gerben Kuypers,,,
Senn Bossaerts,,,
Jacob Turner,,,
Bram Sprangers,,,
Ruben Lembrechts,,,
Morgan Guérin,,,
Jelte Jochems,,,
Arne Baers,,,
Arthur Soontjens,,,
Lars De Nys,,,
Max Rijvers,,,
Fabian Maes,,,
Milan De Nys,,,
Sander De Vet,,,
Toon Heirbaut,,,
Robbe Marchand,,,
Keano Geens,,,
Toon Deckers,,,
Jorre Cardijn,,,
François Jacoby,,,
Yarne Vrolix,,,
Nick Wisse,,,
Loïc Vanlaere,,,
Xander Danckaarts,,,
William Lezard,,,
Thomas Crapper,,,
Kévin Blanpain,,,
Gust Depraetere,,,
Rune Smits,,,
Salvador Alvarado,,,
Vilmar Aastrup,,,
Lennert Meeusen,,,
Elio Clarysse,,,
