Position,Name,Team,NAT,YOB,Time
1,VAN DER POEL Mathieu,ALPECINDECEUNINCK-,NED,1995,1:01:24
2,SWEECK Laurens,CRELAN-CORENDON,BEL,1993,1:01:48
3,VERSTRYNGE Emiel,CRELAN-CORENDON,BEL,2002,1:01:57
4,RONHAAR Pim,BALOISE GLOWI LIONS,NED,2001,1:01:59
5,VANDEPUTTE Niels,ALPECINDECEUNINCK -DEVELOPMENT TEAM,BEL,2000,1:02:00
6,DEL GROSSO Tibor,ALPECIN-DECEUNINCK,NED,2003,1:02:03
7,VAN AERT Wout,TEAM VISMA | LEASE A BIKE,BEL,1994,1:02:15
8,VANTHOURENHOUT Michael,PAUWELS SAUZEN - ALTEZ INDUSTRIEBOUW,BEL,1993,1:02:43
9,HENDRIKX Mees,HEIZOMAT-CUBE,NED,2000,1:02:54
10,WYSEURE Joran,CRELAN-CORENDON,BEL,2001,1:03:08
11,AERTS Toon,DESCHACHT-HENS CX,BEL,1993,1:03:16
12,ORTS LLORET Felipe,RIDLEY RACING TEAM,ESP,1995,1:03:18
13,KAMP Ryan,,NED,2000,1:03:19
14,MEEUSSEN Witse,CRELAN-CORENDON,BEL,2001,1:03:19
15,VANDEBOSCH Toon,CRELAN-CORENDON,BEL,1999,1:03:30
16,NIEUWENHUIS Joris,RIDLEY RACING TEAM,NED,1996,1:03:47
17,FONTANA Filippo,CS CARABINIERI - CICLI OLYMPIA,ITA,2000,1:03:58
18,VAN DE PUTTE Victor,DESCHACHT-HENS CX TEAM,BEL,2002,1:04:06
19,AGOSTINACCHIO Filippo,EF EDUCATION - EASYPOST - OATLY,ITA,2003,1:04:18
20,BOROŠ Michael,ELKOV-KASPER,CZE,1992,1:04:19
21,MEIN Thomas,HOPE FACTORY RACING,GBR,1999,1:04:25
22,BOMMENEL Nathan,ACT CYCLING,FRA,2003,1:04:28
23,NYS Thibau,BALOISE GLOWI LIONS,BEL,2002,1:04:47
24,JEŽEK Václav,BRILON RACING TEAM MB,CZE,2005,1:04:56
25,GROSLAMBERT Martin,SEBMOTOBIKES CX TEAM,FRA,2002,1:04:58
26,VAN GRIEKEN Stan,,BEL,2005,1:05:22
27,SUAREZ FERNANDEZ Kevin,NESTA - MMR CYLING TEAM,ESP,1994,1:05:29
28,LELANDAIS Rémi,ARKEA-B&B HOTELS CONTINENTALE,FRA,2002,1:05:37
29,FIALA Matyáš,ATT INVESTMENTS,CZE,2003,1:05:45
30,VAN LIEROP Danny,,NED,2003,1:05:50
31,TAKÁCS Zsombor,MBH BANK BALLAN CSB,HUN,2006,1:06:01
32,HALTER Nicolas,THOMUS AKROS-YOUNGSTARS,SUI,2006,1:06:05
33,JOT Matéo,,FRA,2003,1:06:11
34,GROENENDAAL Bailey,,DEN,2003,1:06:16
35,BERTOLINI Gioele,ALE COLNAGO TEAM,ITA,1995,1:06:32
36,SOMMER Lars,,SUI,2002,1:06:33
37,CLARK Tyler,,CAN,2000,1:06:33
38,MIRA BONASTRE Raul,,ESP,2004,1:06:33
39,MAES Fabian,,BEL,2006,1:06:42
40,OERTZEN Max Heiner,RADSPORT NAGEL CX TEAM,GER,2006,1:07:02
41,BARD Nicolas,,SUI,2000,1:07:06
42,DELNOIJE Remon,,NED,2001,1:07:19
43,HARTER Luca,,GER,2002,1:07:33
44,RIJVERS Max,,NED,2006,1:07:38
45,ZAKRAJSEK Dylan,COMPETITIVE EDGE RACING,USA,2003,1:07:50
46,STROHMEYER Andrew,CXD TREK BIKES,USA,2002,1:08:14
47,JUNQUERA SAN MILLAN Mario,UNICAJA-GIJON,ESP,1997,-1 LAP
48,CEOLIN Federico,FAS AIRPORT SERVICES - GUERCIOTTI,ITA,2000,-2 LAP
49,HERRMANN Lukas,,GER,2001,-2 LAP
50,KUSCHLA Silas,,GER,2004,-2 LAP
51,RISBERG David,,SWE,1999,-2 LAP
52,DOS REIS GRACA Nathan,,FRA,2004,-2 LAP
53,JOCHEMS Jelte,,NED,2005,-2 LAP
54,KERL Maximilian,,CZE,2004,-2 LAP
55,INGUANZO MACHO Gonzalo,,ESP,2001,-2 LAP
56,GABNER Michael,,GER,1999,-2 LAP
57,SHELTON Noah,,USA,2006,-2 LAP
58,GAMBORG Jonas,,DEN,2006,-2 LAP
59,DRUMMOND Ryan,,USA,2006,-2 LAP
60,KING Carden,,USA,2005,-3 LAP
61,BETTENDORFF Loïc,HRINKOW ADVARICS,LUX,2001,-3 LAP
62,DE LONGHI Lorenzo,,ITA,2006,-3 LAP
63,HAMM Florian,,GER,1999,-3 LAP
64,GALAN CORTAZAR Unax,,ESP,2006,-3 LAP
65,ROSENDAHL Karl-Erik,,DEN,2001,-3 LAP
66,ZAERA GISBERT Javier,,ESP,2003,-3 LAP
67,ZANOLINI Alan,ALE COLNAGO TEAM,ITA,2005,-3 LAP
68,SARGENT Liam,,CAN,2004,-4 LAP
69,SCOTT Cody,COMPETITIVE EDGE RACING,CAN,2002,-4 LAP
70,PAPI Lennox,,LUX,2007,-4 LAP
71,WESTOVER Finn,,USA,2006,-4 LAP
72,BATES Rhett,,CAN,2006,-4 LAP
73,HEIGL Philipp,,AUT,1993,-4 LAP
74,AASTRUP Vilmar,,SWE,2007,-4 LAP
75,BRISEBOIS Remi,,CAN,2006,-4 LAP
76,NICHVOLODOV Artur,,UKR,2006,-4 LAP
77,GOMEZ VEGA Marcos,,ESP,2003,-4 LAP
78,BRUYNSEELS Dries,BRUVO DUKLA BRATISLAVA,SVK,2001,-5 LAP
79,RAUTZENBERG Robin,,GER,2000,-5 LAP
80,JUNGE Frederick,,USA,1996,-5 LAP
81,ENDO Kosuke,OLANDA BASE/WATERSLEY,JPN,2005,-5 LAP
82,OKAYAMA Yuta,OLANDA BASE/WATERSLEY,JPN,2001,-5 LAP
83,KAJI Tetsuki,OLANDA BASE/WATERSLEY,JPN,1999,-5 LAP
84,LUKŠAS Dovydas,,LTU,2002,-5 LAP
DNF,VAN DER HAAR Lars,BALOISE GLOWI LIONS,NED,1991,DNF
DNF,TURNER Jacob,,NZL,2003,DNF
DNF,ODA Hijiri,MATRIX POWERTAG,JPN,1998,DNF
DNF,KUHN Kevin,HEIZOMAT-CUBE,SUI,1998,DNF
DNF,SCAPPINI Samuele,SAM-VITALCARE - DYΝΑΤΕΚ,ITA,2005,DNF
DNF,VAN KEMPEN Jules,,USA,2002,DNF
DNS,OBERTEICHER Matteo,PURE ENERGY DRINK/HARO BIKES BY COREGO,GER,2001,DNS